"","Line","Direction","ETA","Late","StopName","Time"
"7","50","KrowodrzaGorka",1,0,"RondoGrzegorzeckie","2018-02-04 12:32:21"
"8","20","MalyPlaszow",2,1,"RondoGrzegorzeckie","2018-02-04 12:32:21"
"9","22","Walcownia‐ ",4,4,"RondoGrzegorzeckie","2018-02-04 12:32:21"
"10","50","KurdwanowP+R",4,1,"RondoGrzegorzeckie","2018-02-04 12:32:21"
"11","14","Mistrzejowice",4,0,"RondoGrzegorzeckie","2018-02-04 12:32:21"
"12","20","CichyKacik",4,1,"RondoGrzegorzeckie","2018-02-04 12:32:21"
"13","19","DworzecTow.",5,0,"RondoGrzegorzeckie","2018-02-04 12:32:21"
"14","22","BorekFalecki‐ ",5,1,"RondoGrzegorzeckie","2018-02-04 12:32:21"
