"","Line","Direction","ETA","Late","StopName","Time"
"8","52","Os.Piastow",0,2,"DworzecGlowny","2018-02-04 13:36:34"
"9","24","KurdwanowP+R",0,1,"DworzecGlowny","2018-02-04 13:36:34"
"10","10","Lagiewniki‐ ",0,0,"DworzecGlowny","2018-02-04 13:36:34"
"11","14","BronowiceMale",1,0,"DworzecGlowny","2018-02-04 13:36:34"
"12","4","WzgorzaK.",4,1,"DworzecGlowny","2018-02-04 13:36:34"
"13","3","KrowodrzaGorka",5,0,"DworzecGlowny","2018-02-04 13:36:34"
"14","20","CichyKacik",5,0,"DworzecGlowny","2018-02-04 13:36:34"
