"","Line","Direction","ETA","Late","StopName","Time"
"4","52","CzerwoneMakiP+R",0,45,"RondoCzyzynskie","2018-02-04 13:19:24"
"5","5","KrowodrzaGorka",0,1,"RondoCzyzynskie","2018-02-04 13:19:24"
"6","10","Lagiewniki‐ ",1,0,"RondoCzyzynskie","2018-02-04 13:19:24"
"7","22","BorekFalecki‐ ",2,1,"RondoCzyzynskie","2018-02-04 13:19:24"
"8","1","WzgorzaK.",2,0,"RondoCzyzynskie","2018-02-04 13:19:24"
"9","14","BronowiceMale",2,45,"RondoCzyzynskie","2018-02-04 13:19:24"
"11","9","NowyBiezanowP+R‐ ",3,36,"RondoCzyzynskie","2018-02-04 13:19:24"
