"","Line","Direction","ETA","Late","StopName","Time"
"4","5","KrowodrzaGorka",0,1,"RondoKocmyrzowskieimKsGorzelanego","2018-02-04 12:38:31"
"5","14","Mistrzejowice",0,1,"RondoKocmyrzowskieimKsGorzelanego","2018-02-04 12:38:31"
"7","5","WzgorzaK.",0,1,"RondoKocmyrzowskieimKsGorzelanego","2018-02-04 12:38:31"
"8","52","CzerwoneMakiP+R",0,28,"RondoKocmyrzowskieimKsGorzelanego","2018-02-04 12:38:31"
"9","9","NowyBiezanowP+R‐ ",1,17,"RondoKocmyrzowskieimKsGorzelanego","2018-02-04 12:38:31"
"10","52","CzerwoneMakiP+R",1,9,"RondoKocmyrzowskieimKsGorzelanego","2018-02-04 12:38:31"
"11","14","BronowiceMale",2,8,"RondoKocmyrzowskieimKsGorzelanego","2018-02-04 12:38:31"
"12","9","NowyBiezanowP+R‐ ",4,0,"RondoKocmyrzowskieimKsGorzelanego","2018-02-04 12:38:31"
