"","Line","Direction","ETA","Late","StopName","Time"
"4","10","Lagiewniki‐ ",0,0,"RondoCzyzynskie","2018-02-04 13:00:16"
"5","14","BronowiceMale",0,4,"RondoCzyzynskie","2018-02-04 13:00:16"
"6","1","WzgorzaK.",1,0,"RondoCzyzynskie","2018-02-04 13:00:16"
"7","9","NowyBiezanowP+R‐ ",1,35,"RondoCzyzynskie","2018-02-04 13:00:16"
"8","9","Mistrzejowice‐ ",2,0,"RondoCzyzynskie","2018-02-04 13:00:16"
"9","22","BorekFalecki‐ ",2,2,"RondoCzyzynskie","2018-02-04 13:00:16"
"10","52","CzerwoneMakiP+R",4,50,"RondoCzyzynskie","2018-02-04 13:00:16"
"11","52","CzerwoneMakiP+R",5,31,"RondoCzyzynskie","2018-02-04 13:00:16"
"12","14","BronowiceMale",5,29,"RondoCzyzynskie","2018-02-04 13:00:16"
