"","Line","Direction","ETA","Late","StopName","Time"
"4","13","Bronowice",0,0,"TeatrBagatela","2018-02-04 09:20:14"
"5","18","CzerwoneMakiP+R",0,0,"TeatrBagatela","2018-02-04 09:20:14"
"6","14","BronowiceMale",1,0,"TeatrBagatela","2018-02-04 09:20:14"
"7","20","MalyPlaszow",1,0,"TeatrBagatela","2018-02-04 09:20:14"
"8","24","KurdwanowP+R",2,0,"TeatrBagatela","2018-02-04 09:20:14"
"9","14","Mistrzejowice",4,0,"TeatrBagatela","2018-02-04 09:20:14"
"10","18","KrowodrzaGorka",5,2,"TeatrBagatela","2018-02-04 09:20:14"
