"","Line","Direction","ETA","Late","StopName","Time"
"5","10","KopiecWandy‐ ",0,1,"DworzecGlowny","2018-02-04 13:30:51"
"6","52","CzerwoneMakiP+R",0,0,"DworzecGlowny","2018-02-04 13:30:51"
"7","2","Salwator",1,0,"DworzecGlowny","2018-02-04 13:30:51"
"8","52","CzerwoneMakiP+R",2,42,"DworzecGlowny","2018-02-04 13:30:51"
"9","24","BronowiceMale",2,0,"DworzecGlowny","2018-02-04 13:30:51"
"10","52","Os.Piastow",3,0,"DworzecGlowny","2018-02-04 13:30:51"
"11","2","Cm.Rakowicki",5,0,"DworzecGlowny","2018-02-04 13:30:51"
