"","Line","Direction","ETA","Late","StopName","Time"
"5","5","KrowodrzaGorka",0,3,"RondoCzyzynskie","2018-02-04 12:43:18"
"6","9","Mistrzejowice‐ ",1,2,"RondoCzyzynskie","2018-02-04 12:43:18"
"7","10","KopiecWandy‐ ",4,2,"RondoCzyzynskie","2018-02-04 12:43:18"
"8","52","CzerwoneMakiP+R",4,33,"RondoCzyzynskie","2018-02-04 12:43:18"
"9","9","NowyBiezanowP+R‐ ",4,21,"RondoCzyzynskie","2018-02-04 12:43:18"
"10","1","Salwator",5,1,"RondoCzyzynskie","2018-02-04 12:43:18"
"11","52","CzerwoneMakiP+R",5,14,"RondoCzyzynskie","2018-02-04 12:43:18"
"12","14","BronowiceMale",5,12,"RondoCzyzynskie","2018-02-04 12:43:18"
