"","Line","Direction","ETA","Late","StopName","Time"
"3","10","Lagiewniki‐ ",0,0,"RondoMogilskie","2018-02-04 12:53:25"
"4","50","KurdwanowP+R",0,0,"RondoMogilskie","2018-02-04 12:53:25"
"5","10","KopiecWandy‐ ",0,1,"RondoMogilskie","2018-02-04 12:53:25"
"6","14","Mistrzejowice",2,2,"RondoMogilskie","2018-02-04 12:53:25"
"7","50","KrowodrzaGorka",2,0,"RondoMogilskie","2018-02-04 12:53:25"
"8","5","KrowodrzaGorka",2,4,"RondoMogilskie","2018-02-04 12:53:25"
"9","52","Os.Piastow",4,0,"RondoMogilskie","2018-02-04 12:53:25"
