"","Line","Direction","ETA","Late","StopName","Time"
"3","14","BronowiceMale",0,0,"RondoKocmyrzowskieimKsGorzelanego","2018-02-04 13:13:33"
"4","14","BronowiceMale",0,41,"RondoKocmyrzowskieimKsGorzelanego","2018-02-04 13:13:33"
"5","52","CzerwoneMakiP+R",0,43,"RondoKocmyrzowskieimKsGorzelanego","2018-02-04 13:13:33"
"6","9","NowyBiezanowP+R‐ ",0,31,"RondoKocmyrzowskieimKsGorzelanego","2018-02-04 13:13:33"
"7","52","Os.Piastow",1,0,"RondoKocmyrzowskieimKsGorzelanego","2018-02-04 13:13:33"
"8","5","KrowodrzaGorka",1,0,"RondoKocmyrzowskieimKsGorzelanego","2018-02-04 13:13:33"
"10","14","Mistrzejowice",3,0,"RondoKocmyrzowskieimKsGorzelanego","2018-02-04 13:13:33"
"11","5","WzgorzaK.",4,0,"RondoKocmyrzowskieimKsGorzelanego","2018-02-04 13:13:33"
