"","Line","Direction","ETA","Late","StopName","Time"
"5","52","CzerwoneMakiP+R",0,33,"RondoKocmyrzowskieimKsGorzelanego","2018-02-04 12:43:34"
"6","1","Salwator",0,0,"RondoKocmyrzowskieimKsGorzelanego","2018-02-04 12:43:34"
"7","9","NowyBiezanowP+R‐ ",1,22,"RondoKocmyrzowskieimKsGorzelanego","2018-02-04 12:43:34"
"8","52","CzerwoneMakiP+R",1,14,"RondoKocmyrzowskieimKsGorzelanego","2018-02-04 12:43:34"
"9","9","NowyBiezanowP+R‐ ",2,3,"RondoKocmyrzowskieimKsGorzelanego","2018-02-04 12:43:34"
"10","14","BronowiceMale",2,13,"RondoKocmyrzowskieimKsGorzelanego","2018-02-04 12:43:34"
"11","1","WzgorzaK.",2,0,"RondoKocmyrzowskieimKsGorzelanego","2018-02-04 12:43:34"
"12","9","Mistrzejowice‐ ",4,1,"RondoKocmyrzowskieimKsGorzelanego","2018-02-04 12:43:34"
