"","Line","Direction","ETA","Late","StopName","Time"
"3","22","Walcownia‐ ",0,4,"RondoCzyzynskie","2018-02-04 11:33:15"
"4","52","Os.Piastow",0,2,"RondoCzyzynskie","2018-02-04 11:33:15"
"5","5","WzgorzaK.",0,0,"RondoCzyzynskie","2018-02-04 11:33:15"
"6","52","CzerwoneMakiP+R",1,0,"RondoCzyzynskie","2018-02-04 11:33:15"
"7","14","BronowiceMale",3,0,"RondoCzyzynskie","2018-02-04 11:33:15"
"8","4","WzgorzaK.",3,0,"RondoCzyzynskie","2018-02-04 11:33:15"
"9","5","KrowodrzaGorka",5,0,"RondoCzyzynskie","2018-02-04 11:33:15"
