"","Line","Direction","ETA","Late","StopName","Time"
"5","10","KopiecWandy‐ ",0,2,"DworzecGlowny","2018-02-04 12:31:17"
"6","52","CzerwoneMakiP+R",0,1,"DworzecGlowny","2018-02-04 12:31:17"
"7","52","Os.Piastow",2,0,"DworzecGlowny","2018-02-04 12:31:17"
"8","24","BronowiceMale",2,1,"DworzecGlowny","2018-02-04 12:31:17"
"9","2","Salwator",2,2,"DworzecGlowny","2018-02-04 12:31:17"
"10","24","KurdwanowP+R",3,0,"DworzecGlowny","2018-02-04 12:31:17"
"11","2","Cm.Rakowicki",4,0,"DworzecGlowny","2018-02-04 12:31:17"
