"","Line","Direction","ETA","Late","StopName","Time"
"3","22","Walcownia‐ ",0,4,"RondoCzyzynskie","2018-02-04 13:13:16"
"4","14","Mistrzejowice",0,0,"RondoCzyzynskie","2018-02-04 13:13:16"
"5","5","WzgorzaK.",0,0,"RondoCzyzynskie","2018-02-04 13:13:16"
"6","52","CzerwoneMakiP+R",2,1,"RondoCzyzynskie","2018-02-04 13:13:16"
"7","14","BronowiceMale",3,0,"RondoCzyzynskie","2018-02-04 13:13:16"
"8","52","CzerwoneMakiP+R",3,42,"RondoCzyzynskie","2018-02-04 13:13:16"
"9","4","WzgorzaK.",4,1,"RondoCzyzynskie","2018-02-04 13:13:16"
"10","14","BronowiceMale",4,41,"RondoCzyzynskie","2018-02-04 13:13:16"
"11","9","NowyBiezanowP+R‐ ",4,31,"RondoCzyzynskie","2018-02-04 13:13:16"
"12","5","KrowodrzaGorka",5,0,"RondoCzyzynskie","2018-02-04 13:13:16"
