"","Line","Direction","ETA","Late","StopName","Time"
"3","5","KrowodrzaGorka",1,1,"RondoCzyzynskie","2018-02-04 12:38:14"
"4","10","Lagiewniki‐ ",3,1,"RondoCzyzynskie","2018-02-04 12:38:14"
"5","1","WzgorzaK.",3,0,"RondoCzyzynskie","2018-02-04 12:38:14"
"6","22","BorekFalecki‐ ",3,1,"RondoCzyzynskie","2018-02-04 12:38:14"
"7","52","CzerwoneMakiP+R",4,28,"RondoCzyzynskie","2018-02-04 12:38:14"
"8","9","NowyBiezanowP+R‐ ",4,16,"RondoCzyzynskie","2018-02-04 12:38:14"
"9","52","CzerwoneMakiP+R",5,9,"RondoCzyzynskie","2018-02-04 12:38:14"
"10","14","BronowiceMale",5,7,"RondoCzyzynskie","2018-02-04 12:38:14"
