"","Line","Direction","ETA","Late","StopName","Time"
"3","14","BronowiceMale",0,1,"RondoKocmyrzowskieimKsGorzelanego","2018-02-04 12:54:15"
"4","52","Os.Piastow",0,0,"RondoKocmyrzowskieimKsGorzelanego","2018-02-04 12:54:15"
"5","52","CzerwoneMakiP+R",0,44,"RondoKocmyrzowskieimKsGorzelanego","2018-02-04 12:54:15"
"6","5","KrowodrzaGorka",0,0,"RondoKocmyrzowskieimKsGorzelanego","2018-02-04 12:54:15"
"7","9","NowyBiezanowP+R‐ ",0,32,"RondoKocmyrzowskieimKsGorzelanego","2018-02-04 12:54:15"
"9","52","CzerwoneMakiP+R",1,25,"RondoKocmyrzowskieimKsGorzelanego","2018-02-04 12:54:15"
"10","14","BronowiceMale",1,23,"RondoKocmyrzowskieimKsGorzelanego","2018-02-04 12:54:15"
"11","9","NowyBiezanowP+R‐ ",2,14,"RondoKocmyrzowskieimKsGorzelanego","2018-02-04 12:54:15"
"12","14","Mistrzejowice",2,0,"RondoKocmyrzowskieimKsGorzelanego","2018-02-04 12:54:15"
"13","5","WzgorzaK.",3,0,"RondoKocmyrzowskieimKsGorzelanego","2018-02-04 12:54:15"
